{
  "Exp-0 (Baseline)": {
    "FID": 188.71139603204327,
    "Freq_Dist_MAE": 452.6341559027642,
    "Gen_Amp": 8543.289608582403,
    "Ref_Amp": 8995.923764485167,
    "Evasion_Rate": 0.14
  },
  "Exp-1 (Type-A)": {
    "FID": 83.6779631178523,
    "Freq_Dist_MAE": 215.44671951428973,
    "Gen_Amp": 8780.477044970878,
    "Ref_Amp": 8995.923764485167,
    "Evasion_Rate": 0.332
  },
  "Exp-2 (Type-B)": {
    "FID": 96.96823805036416,
    "Freq_Dist_MAE": 479.15821189320377,
    "Gen_Amp": 8516.765552591964,
    "Ref_Amp": 8995.923764485167,
    "Evasion_Rate": 0.238
  }
}